City_ID,City,Country,Date,Lat,Lng,Max Temp,Humidity,Cloudiness,Wind Speed
0,Ushuaia,AR,2021-07-20 23:06:54,-54.8,-68.3,33.46,69,75,13.8
1,Georgetown,MY,2021-07-20 23:05:16,5.4112,100.3354,80.89,83,20,0.0
2,Sechura,PE,2021-07-20 23:06:55,-5.5569,-80.8222,70.56,71,3,13.98
3,Thinadhoo,MV,2021-07-20 23:06:55,0.5333,72.9333,81.9,74,100,8.19
4,Punta Arenas,CL,2021-07-20 23:02:27,-53.15,-70.9167,35.11,93,54,6.85
5,Coxim,BR,2021-07-20 23:06:56,-18.5067,-54.76,70.38,10,97,4.7
6,Grand-Santi,GF,2021-07-20 23:06:57,4.25,-54.3833,73.71,97,82,0.83
7,Kutum,SD,2021-07-20 23:06:57,14.2,24.6667,74.82,68,93,22.82
8,Cayenne,GF,2021-07-20 23:04:52,4.9333,-52.3333,82.09,80,0,1.99
9,Finnsnes,NO,2021-07-20 23:06:58,69.2296,17.9811,47.01,91,100,15.12
10,Bengkulu,ID,2021-07-20 23:06:58,-3.8004,102.2655,74.46,90,66,4.03
11,Cape Town,ZA,2021-07-20 23:03:31,-33.9258,18.4232,48.88,89,83,1.01
12,Ponta Do Sol,PT,2021-07-20 23:06:59,32.6667,-17.1,73.0,81,1,3.62
13,Lincoln,US,2021-07-20 23:06:59,40.8,-96.667,87.39,50,1,1.99
14,Chicama,PE,2021-07-20 23:07:00,-7.8447,-79.1469,64.94,74,9,7.05
15,Esil,KZ,2021-07-20 23:07:00,51.9556,66.4042,62.06,63,15,5.48
16,Kalmunai,LK,2021-07-20 23:07:01,7.4167,81.8167,80.28,67,100,2.86
17,Tasiilaq,GL,2021-07-20 23:07:01,65.6145,-37.6368,42.96,94,96,4.25
18,East London,ZA,2021-07-20 23:04:51,-33.0153,27.9116,56.35,72,100,23.0
19,Sochi,RU,2021-07-20 23:07:02,43.6,39.7303,75.61,96,0,1.48
20,Pankrushikha,RU,2021-07-20 23:07:02,53.8319,80.3406,55.54,91,7,6.82
21,Bunia,CD,2021-07-20 23:07:03,1.5667,30.25,64.94,88,92,1.21
22,Balkanabat,TM,2021-07-20 23:07:03,39.5108,54.3671,87.01,29,0,5.26
23,Jalu,LY,2021-07-20 23:07:03,29.0331,21.5482,78.84,58,0,13.22
24,Porto Murtinho,BR,2021-07-20 23:07:04,-21.6989,-57.8825,57.25,28,100,4.7
25,Renfrew,GB,2021-07-20 23:07:04,55.872,-4.3925,65.32,85,3,10.36
26,Santa Cruz,BO,2021-07-20 23:04:59,-17.8,-63.1667,63.7,25,94,2.89
27,Taoudenni,ML,2021-07-20 23:07:05,22.6783,-3.9836,109.69,9,90,2.89
28,Hithadhoo,MV,2021-07-20 23:07:05,-0.6,73.0833,81.1,78,95,8.05
29,Jamestown,US,2021-07-20 23:07:06,42.097,-79.2353,77.29,69,1,8.05
30,Salekhard,RU,2021-07-20 23:07:06,66.53,66.6019,50.74,91,76,7.9
31,Castro,BR,2021-07-20 23:03:51,-24.7911,-50.0119,44.94,65,95,1.68
32,Kismayo,SO,2021-07-20 23:07:07,-0.3582,42.5454,76.19,83,73,18.57
33,Souillac,MU,2021-07-20 23:07:08,-20.5167,57.5167,71.37,64,63,19.93
34,Hermanus,ZA,2021-07-20 23:04:04,-34.4187,19.2345,47.89,68,38,14.88
35,Klaksvik,FO,2021-07-20 23:04:57,62.2266,-6.589,50.92,94,68,6.76
36,Asfi,MA,2021-07-20 23:07:09,32.2994,-9.2372,67.62,85,0,19.51
37,Saint-Pierre,RE,2021-07-20 23:07:09,-21.3393,55.4781,71.28,65,0,25.32
38,Yar-Sale,RU,2021-07-20 23:07:10,66.8333,70.8333,57.22,86,95,9.17
39,Qaanaaq,GL,2021-07-20 23:07:10,77.484,-69.3632,39.97,79,91,4.81
40,Conde,BR,2021-07-20 23:07:11,-7.2597,-34.9075,72.86,88,20,4.61
41,Upernavik,GL,2021-07-20 23:07:11,72.7868,-56.1549,41.31,86,100,4.45
42,Havelock,US,2021-07-20 23:07:11,34.8791,-76.9013,80.83,88,97,4.0
43,Bela,IN,2021-07-20 23:07:12,25.9333,81.9833,81.18,88,100,6.96
44,Port Elizabeth,ZA,2021-07-20 23:03:52,-33.918,25.5701,51.1,78,100,17.67
45,Narsaq,GL,2021-07-20 23:07:12,60.9167,-46.05,46.62,95,100,5.37
46,Aras,ES,2021-07-20 23:07:13,42.5617,-2.356,69.6,64,0,0.0
47,Carnarvon,AU,2021-07-20 23:07:14,-24.8667,113.6333,68.07,78,90,6.91
48,Aksu,CN,2021-07-20 23:07:14,41.1231,80.2644,73.76,46,89,6.49
49,Ribeira Grande,PT,2021-07-20 23:07:14,38.5167,-28.7,68.72,87,22,14.25
50,Longyearbyen,SJ,2021-07-20 23:07:15,78.2186,15.6401,39.04,81,75,3.44
51,Manjeshwar,IN,2021-07-20 23:07:15,12.7194,74.8861,77.95,87,100,13.29
52,Mecca,SA,2021-07-20 23:06:53,21.4267,39.8261,85.12,57,70,7.94
53,Busselton,AU,2021-07-20 23:03:32,-33.65,115.3333,52.09,92,100,11.45
54,Keskin,TR,2021-07-20 23:07:16,39.6731,33.6136,73.08,59,0,5.82
55,Sirajganj,BD,2021-07-20 23:07:17,24.45,89.7167,82.36,86,100,8.77
56,Westport,US,2021-07-20 23:07:17,41.1415,-73.3579,85.28,77,1,1.99
57,Phalaborwa,ZA,2021-07-20 23:07:18,-23.943,31.1411,58.51,38,0,6.13
58,Salalah,OM,2021-07-20 23:07:18,17.0151,54.0924,78.89,89,75,6.91
59,Yhu,PY,2021-07-20 23:07:19,-25.05,-55.9167,56.91,42,80,2.48
60,Mao,ES,2021-07-20 23:07:19,39.8885,4.2658,73.96,83,0,5.75
61,Joshimath,IN,2021-07-20 23:07:20,30.5667,79.5667,70.09,92,96,0.76
62,Igunga,TZ,2021-07-20 23:07:20,-4.2833,33.8833,67.64,41,11,8.79
63,Chuy,UY,2021-07-20 23:07:21,-33.6971,-53.4616,46.42,81,7,8.5
64,Torbay,CA,2021-07-20 23:07:21,47.6666,-52.7314,70.75,96,100,12.24
65,Touros,BR,2021-07-20 23:07:21,-5.1989,-35.4608,76.1,76,7,14.7
66,Saint-Augustin,CA,2021-07-20 23:06:53,51.226,-58.6502,59.63,85,89,13.49
67,Port Alfred,ZA,2021-07-20 23:07:22,-33.5906,26.891,54.01,84,100,21.12
68,Saint-Joseph,RE,2021-07-20 23:07:23,-21.3667,55.6167,70.18,79,26,14.58
69,Saint-Philippe,RE,2021-07-20 23:03:48,-21.3585,55.7679,71.19,80,61,13.29
70,Coihaique,CL,2021-07-20 23:04:52,-45.5752,-72.0662,42.75,81,40,2.3
71,Fildu De Jos,RO,2021-07-20 23:07:24,46.9333,23.0667,63.39,95,4,4.68
72,Benghazi,LY,2021-07-20 23:07:24,32.1167,20.0667,79.47,71,6,11.27
73,Havoysund,NO,2021-07-20 23:07:25,70.9963,24.6622,45.48,90,100,28.79
74,Puerto Leguizamo,CO,2021-07-20 23:07:25,-0.1934,-74.7819,71.98,98,56,2.77
75,Ilulissat,GL,2021-07-20 23:07:26,69.2167,-51.1,51.82,50,66,11.5
76,Xuddur,SO,2021-07-20 23:07:26,4.1213,43.8894,71.06,58,50,18.52
77,Goma,CD,2021-07-20 23:07:26,-1.6792,29.2228,66.07,73,97,2.08
78,Nanortalik,GL,2021-07-20 23:07:27,60.1432,-45.2371,47.62,92,100,14.74
79,Porto Novo,BJ,2021-07-20 23:07:27,6.4965,2.6036,76.75,81,65,8.52
80,Natal,BR,2021-07-20 23:03:50,-5.795,-35.2094,76.21,77,12,10.42
81,Lebu,CL,2021-07-20 23:07:28,-37.6167,-73.65,52.5,95,100,9.53
82,Bandarbeyla,SO,2021-07-20 23:07:29,9.4942,50.8122,76.01,81,54,29.21
83,Arroyo,ES,2021-07-20 23:07:29,41.6096,-4.7969,74.59,49,0,6.91
84,Walvis Bay,NA,2021-07-20 23:05:57,-22.9575,14.5053,55.09,85,0,17.36
85,Paamiut,GL,2021-07-20 23:07:30,61.994,-49.6678,42.58,94,100,11.34
86,Almansa,ES,2021-07-20 23:07:30,38.8692,-1.0971,70.05,80,9,2.91
87,Gharo,PK,2021-07-20 23:07:31,24.7424,67.5856,82.62,81,100,25.64
88,Harper,LR,2021-07-20 23:07:31,4.375,-7.7169,76.75,72,30,8.25
89,Boende,CD,2021-07-20 23:07:31,-0.2167,20.8667,76.24,57,89,2.42
90,Vila Velha,BR,2021-07-20 23:03:23,-20.3297,-40.2925,67.01,69,48,11.32
91,Mishkino,RU,2021-07-20 23:07:32,55.3389,63.9175,61.9,78,23,8.46
92,Wolgast,DE,2021-07-20 23:07:33,54.05,13.7667,63.86,77,54,9.1
93,Balila,JO,2021-07-20 23:07:33,32.3881,35.9351,70.95,71,0,7.36
94,Angoche,MZ,2021-07-20 23:07:34,-16.2325,39.9086,70.97,81,0,5.73
95,Dikson,RU,2021-07-20 23:07:34,73.5069,80.5464,45.07,67,95,12.59
96,Verkhnetulomskiy,RU,2021-07-20 23:07:34,68.6073,31.7962,39.33,77,65,9.51
97,Kruisfontein,ZA,2021-07-20 23:07:35,-34.0033,24.7314,48.88,76,98,17.18
98,Hella,NO,2021-07-20 23:07:36,67.2,14.4333,50.14,77,75,18.41
99,Baghdad,IQ,2021-07-20 23:05:18,33.3406,44.4009,98.51,16,0,12.66
100,Sao Felix Do Xingu,BR,2021-07-20 23:07:36,-6.6447,-51.995,78.67,41,5,0.81
101,Urubicha,BO,2021-07-20 23:07:37,-15.3833,-62.95,68.56,42,32,1.77
102,Plouzane,FR,2021-07-20 23:07:37,48.3833,-4.6167,73.45,73,0,6.91
103,Coquimbo,CL,2021-07-20 23:07:37,-29.9533,-71.3436,51.53,93,40,4.61
104,Clyde River,CA,2021-07-20 23:05:16,70.4692,-68.5914,34.56,95,100,8.34
105,Nouadhibou,MR,2021-07-20 23:07:38,20.931,-17.0347,69.82,84,2,14.32
106,Nieuw Amsterdam,SR,2021-07-20 23:07:38,5.8833,-55.0833,78.82,89,40,2.3
107,Margate,GB,2021-07-20 23:07:39,51.3813,1.3862,65.95,81,27,1.99
108,Husavik,IS,2021-07-20 23:07:39,66.0449,-17.3389,55.27,86,7,3.78
109,Fenoarivo Atsinanana,MG,2021-07-20 23:07:19,-17.3667,49.4167,69.6,83,37,8.88
110,Hamilton,US,2021-07-20 23:03:24,39.1834,-84.5333,84.67,61,40,1.99
111,Mont-De-Marsan,FR,2021-07-20 23:07:40,44.0,-0.6667,69.62,88,90,12.66
112,Grand Gaube,MU,2021-07-20 23:03:59,-20.0064,57.6608,71.38,57,62,10.0
113,Tshikapa,CD,2021-07-20 23:07:41,-6.4167,20.8,72.01,32,53,2.04
114,Mar Del Plata,AR,2021-07-20 23:07:41,-38.0023,-57.5575,52.88,54,45,5.01
115,Raudeberg,NO,2021-07-20 23:07:42,61.9875,5.1352,52.2,74,10,12.68
116,Maceio,BR,2021-07-20 23:07:43,-9.6658,-35.7353,72.84,88,0,1.14
117,Tessalit,ML,2021-07-20 23:07:43,20.1986,1.0114,94.69,28,84,12.66
118,Omboue,GA,2021-07-20 23:07:43,-1.5746,9.2618,72.91,84,19,8.19
119,Saldanha,ZA,2021-07-20 23:04:01,-33.0117,17.9442,54.01,53,43,8.14
120,Kolobrzeg,PL,2021-07-20 23:07:44,54.1757,15.5834,61.97,100,32,13.96
121,Apomu,NG,2021-07-20 23:07:45,7.3333,4.1833,71.47,99,98,3.2
122,Codrington,AU,2021-07-20 23:05:17,-38.2667,141.9667,49.64,82,100,8.79
123,Uspenka,UA,2021-07-20 23:07:46,48.3903,39.1619,75.52,65,19,4.27
124,Maloy,NO,2021-07-20 23:07:46,61.9353,5.1136,53.06,75,11,13.0
125,Victoria,HK,2021-07-20 23:07:46,22.2855,114.1577,80.65,95,100,1.01
126,Manadhoo,MV,2021-07-20 23:07:47,5.7667,73.3833,82.78,76,100,14.88
127,Cockburn Town,TC,2021-07-20 23:07:47,21.4612,-71.1419,84.16,70,40,13.8
128,Arraial Do Cabo,BR,2021-07-20 23:07:48,-22.9661,-42.0278,66.61,64,71,11.05
129,Manta,EC,2021-07-20 23:06:26,-0.95,-80.7333,76.78,78,75,10.36
130,Bredasdorp,ZA,2021-07-20 23:07:48,-34.5322,20.0403,42.28,87,21,9.13
131,Cotonou,BJ,2021-07-20 23:07:49,6.3654,2.4183,77.43,81,65,13.38
132,Iqaluit,CA,2021-07-20 23:07:49,63.7506,-68.5145,43.7,87,100,8.99
133,Saint George,US,2021-07-20 23:04:14,37.1041,-113.5841,100.63,28,1,5.99
134,Kastamonu,TR,2021-07-20 23:07:50,41.5,33.6667,65.03,92,3,4.52
135,Northampton,US,2021-07-20 23:07:50,40.8754,-75.2499,83.17,72,29,7.43
136,Vila Franca Do Campo,PT,2021-07-20 23:07:51,37.7167,-25.4333,68.41,91,99,10.16
137,Xai-Xai,MZ,2021-07-20 23:07:52,-25.0519,33.6442,65.08,74,17,7.63
138,Port-Gentil,GA,2021-07-20 23:07:52,-0.7193,8.7815,75.31,77,83,13.47
139,Mahebourg,MU,2021-07-20 23:07:53,-20.4081,57.7,71.26,61,69,20.89
140,Priyutnoye,RU,2021-07-20 23:07:53,46.1011,43.5072,83.57,26,2,8.75
141,Marzuq,YE,2021-07-20 23:06:39,14.4,46.4667,76.35,66,71,2.39
142,Oranjemund,NA,2021-07-20 23:07:54,-28.55,16.4333,50.74,72,1,11.23
143,Kathmandu,NP,2021-07-20 23:05:21,27.7167,85.3167,70.02,100,75,0.0
144,Torrevieja,ES,2021-07-20 23:07:54,37.9787,-0.6822,77.34,82,1,3.09
145,Anta,IN,2021-07-20 23:07:55,25.15,76.3,81.21,78,100,12.8
146,Los Llanos De Aridane,ES,2021-07-20 23:07:56,28.6585,-17.9182,67.75,92,75,17.27
147,Cap-Aux-Meules,CA,2021-07-20 23:07:56,47.3821,-61.8597,62.65,100,90,10.36
148,Mailsi,PK,2021-07-20 23:07:57,29.8003,72.1758,88.14,66,7,7.87
149,Ayagoz,KZ,2021-07-20 23:07:57,47.9714,80.4392,62.82,78,61,11.72
150,Nalut,LY,2021-07-20 23:07:58,30.3333,10.85,82.26,30,0,16.73
151,Kudahuvadhoo,MV,2021-07-20 23:06:14,2.6708,72.8944,81.9,75,53,10.83
152,Nirmal,IN,2021-07-20 23:05:36,19.1,78.35,73.6,96,100,11.14
153,Rocky Mount,US,2021-07-20 23:07:59,35.9382,-77.7905,82.35,74,1,0.0
154,Talcher,IN,2021-07-20 23:07:59,20.95,85.2167,81.21,82,100,5.68
155,Vardo,NO,2021-07-20 23:05:11,70.3705,31.1107,42.42,93,93,16.15
156,Naron,ES,2021-07-20 23:06:53,43.5167,-8.1528,65.25,96,45,3.04
157,Doka,SD,2021-07-20 23:08:00,13.5167,35.7667,71.51,93,100,6.22
158,Rocha,UY,2021-07-20 23:04:30,-34.4833,-54.3333,46.4,75,7,9.13
159,Beloha,MG,2021-07-20 23:07:19,-25.1667,45.05,68.94,64,11,5.61
160,Viedma,AR,2021-07-20 23:08:01,-40.8135,-62.9967,50.23,64,12,4.7
161,Chhabra,IN,2021-07-20 23:08:01,24.6667,76.8333,79.97,81,100,13.06
162,Antalaha,MG,2021-07-20 23:08:02,-14.9003,50.2788,70.34,87,78,12.15
163,Goderich,CA,2021-07-20 23:08:02,43.7501,-81.7165,68.92,88,25,19.04
164,Faya,SA,2021-07-20 23:08:03,18.3851,42.4509,63.12,83,99,9.78
165,Hualmay,PE,2021-07-20 23:08:03,-11.0964,-77.6139,64.87,76,20,7.54
166,Kitgum,UG,2021-07-20 23:08:03,3.2783,32.8867,64.72,94,79,2.13
167,Gondar,ET,2021-07-20 23:08:04,12.6,37.4667,57.36,93,100,2.64
168,Digapahandi,IN,2021-07-20 23:08:04,19.3667,84.5833,80.89,82,100,4.03
169,Cidreira,BR,2021-07-20 23:08:05,-30.1811,-50.2056,52.52,70,25,6.58
170,Comodoro Rivadavia,AR,2021-07-20 23:04:43,-45.8667,-67.5,49.51,56,18,4.5
171,Dingle,PH,2021-07-20 23:08:06,10.9995,122.6711,78.91,87,88,11.54
172,Andros Town,BS,2021-07-20 23:08:06,24.7,-77.7667,85.96,74,8,14.83
173,Luderitz,NA,2021-07-20 23:08:07,-26.6481,15.1594,52.54,64,0,22.91
174,Tarauaca,BR,2021-07-20 23:08:07,-8.1614,-70.7656,74.43,63,8,0.83
175,Roald,NO,2021-07-20 23:08:08,62.5833,6.1333,53.33,76,90,3.44
176,Bosaso,SO,2021-07-20 23:08:09,11.2842,49.1816,90.23,41,42,21.54
177,Amapa,BR,2021-07-20 23:08:09,1.0,-52.0,72.64,95,83,3.27
178,Cap-Chat,CA,2021-07-20 23:08:10,49.1001,-66.6821,62.37,85,28,4.27
179,Berezniki,RU,2021-07-20 23:08:10,59.4152,56.8124,66.83,100,100,1.68
180,Berlevag,NO,2021-07-20 23:08:11,70.8578,29.0864,42.62,91,92,14.52
181,Trinidad,BO,2021-07-20 23:08:11,-14.8333,-64.9,68.4,37,9,3.74
182,Tyukhtet,RU,2021-07-20 23:08:12,56.5389,89.3011,55.65,87,45,3.38
183,Gat,IL,2021-07-20 23:08:12,31.61,34.7642,79.48,73,1,4.85
184,Ostrovnoy,RU,2021-07-20 23:08:13,68.0531,39.5131,46.26,89,96,6.71
185,Loandjili,CG,2021-07-20 23:08:13,-4.7561,11.8578,71.76,87,5,7.11
186,Belyy Yar,RU,2021-07-20 23:08:13,53.6039,91.3903,60.69,88,0,4.47
187,Paracuru,BR,2021-07-20 23:05:46,-3.41,-39.0306,80.62,79,12,12.8
188,Washim,IN,2021-07-20 23:08:14,20.1,77.15,74.1,87,100,13.73
189,Fiche,ET,2021-07-20 23:08:14,9.8,38.7333,50.83,96,100,0.69
190,Aracaju,BR,2021-07-20 23:05:32,-10.9111,-37.0717,71.55,94,75,4.61
191,Filadelfia,US,2021-07-20 23:08:04,39.9523,-75.1638,87.39,60,20,1.99
192,Saint-Denis,FR,2021-07-20 23:08:16,48.9167,2.3333,71.38,69,0,3.44
193,Meulaboh,ID,2021-07-20 23:08:16,4.1363,96.1285,75.87,87,100,3.2
194,Hambantota,LK,2021-07-20 23:08:16,6.1241,81.1185,80.29,79,100,20.36
195,Sorland,NO,2021-07-20 23:08:17,67.667,12.6934,49.8,77,100,22.12
196,Sao Filipe,CV,2021-07-20 23:03:38,14.8961,-24.4956,73.54,85,51,5.37
197,Gwadar,PK,2021-07-20 23:08:18,25.1216,62.3254,83.86,89,94,10.85
198,Sekoma,BW,2021-07-20 23:08:18,-24.4,23.8833,49.24,30,0,9.84
199,Marsa Matruh,EG,2021-07-20 23:08:18,31.3525,27.2453,78.71,76,0,8.21
200,Mananara,MG,2021-07-20 23:08:19,-16.1667,49.7667,69.08,89,39,8.03
201,Casma,CL,2021-07-20 23:08:19,-41.0082,-73.1244,51.08,90,100,0.92
202,Pemba,MZ,2021-07-20 23:08:20,-12.974,40.5178,72.84,85,10,12.66
203,Opuwo,NA,2021-07-20 23:06:58,-18.0607,13.84,59.13,36,0,6.67
204,Wagar,SD,2021-07-20 23:08:21,16.1525,36.2032,77.16,78,100,10.78
205,Bojnurd,IR,2021-07-20 23:08:21,37.4747,57.329,75.51,22,0,4.9
206,Mehamn,NO,2021-07-20 23:08:22,71.0357,27.8492,42.66,95,98,18.59
207,Gander,CA,2021-07-20 23:08:22,48.9682,-54.5906,68.16,100,90,10.0
208,Male,MV,2021-07-20 23:08:23,4.1748,73.5089,82.17,76,81,13.35
209,Emba,KZ,2021-07-20 23:08:23,48.8264,58.1442,77.0,34,31,9.01
210,Bathsheba,BB,2021-07-20 23:08:24,13.2167,-59.5167,83.01,78,40,19.57
211,Sao Jose Da Coroa Grande,BR,2021-07-20 23:08:24,-8.8978,-35.1478,75.02,83,21,7.02
212,Malanje,AO,2021-07-20 23:08:25,-9.5402,16.341,66.04,31,0,0.07
213,Kagoro,NG,2021-07-20 23:08:26,9.6,8.3833,68.79,94,97,1.07
214,Tigre,AR,2021-07-20 23:08:25,-34.426,-58.5796,54.05,61,0,2.3
215,Kavaratti,IN,2021-07-20 23:08:27,10.5669,72.642,82.17,79,100,19.06
216,Kosh-Agach,RU,2021-07-20 23:08:27,50.0,88.6667,50.65,64,0,0.2
217,Sinnamary,GF,2021-07-20 23:08:27,5.3833,-52.95,77.74,86,60,5.19
218,Corrales,US,2021-07-20 23:08:28,35.2378,-106.6067,83.41,63,40,1.01
219,Cabedelo,BR,2021-07-20 23:08:28,-6.9811,-34.8339,74.07,83,16,11.36
220,Tromso,NO,2021-07-20 23:08:29,69.6496,18.957,47.05,87,75,1.01
221,Karchaghbyur,AM,2021-07-20 23:08:30,40.1705,45.5779,65.07,66,0,5.84
222,Shetpe,KZ,2021-07-20 23:08:30,44.1667,52.1167,82.38,46,0,6.58
223,Putina,PE,2021-07-20 23:08:31,-15.4667,-69.4333,47.05,57,47,3.83
224,Beder,DK,2021-07-20 23:08:31,56.0602,10.2118,58.48,76,69,10.11
225,Laguna,US,2021-07-20 23:04:32,38.421,-121.4238,104.14,30,1,5.99
226,Lahij,YE,2021-07-20 23:08:32,13.1667,44.5833,82.24,64,76,3.71
227,Anloga,GH,2021-07-20 23:08:32,5.7947,0.8973,76.75,83,64,13.82
228,Togur,RU,2021-07-20 23:08:33,58.3631,82.8265,58.87,83,73,3.2
229,Matara,LK,2021-07-20 23:08:33,5.9485,80.5353,79.75,83,100,14.67
230,Nuuk,GL,2021-07-20 23:05:49,64.1835,-51.7216,52.41,62,40,0.0
231,Kufstein,AT,2021-07-20 23:08:34,47.5833,12.1667,64.11,82,4,3.38
232,Hobyo,SO,2021-07-20 23:08:00,5.3505,48.5268,76.01,84,9,22.53
233,Lukaya,UG,2021-07-20 23:08:35,-0.1489,31.8748,67.86,61,73,4.41
234,Bilma,NE,2021-07-20 23:08:36,18.6853,12.9164,91.62,23,32,9.1
235,Port Shepstone,ZA,2021-07-20 23:08:36,-30.7414,30.455,62.01,41,100,7.81
236,Muttupet,IN,2021-07-20 23:08:37,10.4,79.4833,82.38,61,77,13.73
237,Dubasari,MD,2021-07-20 23:08:37,47.2631,29.1608,68.79,91,84,3.56
238,Rio Grande,BR,2021-07-20 23:08:38,-32.035,-52.0986,50.88,71,0,8.3
239,Pyaozerskiy,RU,2021-07-20 23:08:38,65.8333,31.1667,43.79,87,64,8.25
240,Lautaro,CL,2021-07-20 23:08:39,-38.5167,-72.45,42.78,94,100,3.51
241,Marquette,US,2021-07-20 23:08:39,46.5333,-87.6335,61.83,68,64,6.51
242,Nizhniy Odes,RU,2021-07-20 23:08:40,63.6445,54.856,53.67,72,67,3.47
243,Greenwood,US,2021-07-20 23:07:19,34.1668,-82.1165,73.54,72,90,4.61
244,Atar,MR,2021-07-20 23:08:40,20.5169,-13.0499,95.59,10,10,8.12
245,Thompson,CA,2021-07-20 23:07:36,55.7435,-97.8558,81.55,29,20,5.26
246,Dawson,US,2021-07-20 23:08:41,31.7735,-84.4466,80.29,91,100,5.68
247,Bubaque,GW,2021-07-20 23:08:41,11.2833,-15.8333,81.91,80,100,12.26
248,Punta Alta,AR,2021-07-20 23:08:42,-38.8759,-62.0736,53.91,51,59,5.64
249,Talnakh,RU,2021-07-20 23:08:17,69.4865,88.3972,52.93,72,0,3.44
250,La Baule-Escoublac,FR,2021-07-20 23:08:43,47.2922,-2.364,76.95,77,0,6.91
251,Laurel,US,2021-07-20 23:06:50,39.0993,-76.8483,90.75,58,1,3.0
252,Pombia,IT,2021-07-20 23:08:43,45.653,8.6336,78.13,66,0,2.3
253,Lipova,RO,2021-07-20 23:08:44,46.0833,21.7,65.01,95,11,3.49
254,Necochea,AR,2021-07-20 23:08:44,-38.5473,-58.7368,47.03,76,47,8.81
255,Saint Anthony,US,2021-07-20 23:07:50,45.0205,-93.218,87.69,55,1,1.99
256,George,ZA,2021-07-20 23:08:45,-33.963,22.4617,47.34,77,22,10.74
257,Am Timan,TD,2021-07-20 23:08:45,11.0297,20.2827,76.39,74,100,2.59
258,Ivybridge,GB,2021-07-20 23:08:46,50.3904,-3.9191,70.32,83,2,4.09
259,Shubarkuduk,KZ,2021-07-20 23:08:46,49.1447,56.4872,80.2,30,39,11.83
260,Vitoria Da Conquista,BR,2021-07-20 23:05:17,-14.8661,-40.8394,60.64,94,55,10.56
261,Pyshma,RU,2021-07-20 23:08:47,56.9523,63.2513,65.57,68,52,8.99
262,Riyadh,SA,2021-07-20 23:08:44,24.6877,46.7219,95.14,28,100,2.24
263,Iskateley,RU,2021-07-20 23:08:48,67.6803,53.1512,55.47,78,98,5.99
264,Acarau,BR,2021-07-20 23:08:48,-2.8856,-40.12,79.56,82,5,17.49
265,Dhidhdhoo,MV,2021-07-20 23:04:37,6.8833,73.1,82.65,76,97,15.08
266,Shaikhpura,IN,2021-07-20 23:08:49,25.15,85.85,82.13,84,100,5.03
267,Ler,SS,2021-07-20 23:08:49,8.3018,30.1418,71.1,94,83,3.89
268,Semme,FR,2021-07-20 23:08:50,46.1963,1.5007,73.81,79,21,7.45
269,Sambava,MG,2021-07-20 23:08:50,-14.2667,50.1667,71.37,87,79,16.17
270,Bafoulabe,ML,2021-07-20 23:08:51,13.8065,-10.8321,83.39,72,53,7.49
271,Ostersund,SE,2021-07-20 23:08:51,63.1792,14.6357,46.85,81,20,13.8
272,Arang,IN,2021-07-20 23:08:52,21.2,81.9667,79.16,78,100,9.8
273,Olafsvik,IS,2021-07-20 23:08:52,64.8945,-23.7142,52.0,95,97,16.02
274,Birr,IE,2021-07-20 23:08:52,53.0914,-7.9133,68.22,91,2,4.79
275,Badah,PK,2021-07-20 23:08:53,27.3332,68.0135,96.91,35,1,11.7
276,Zhezkazgan,KZ,2021-07-20 23:08:54,47.8043,67.7144,70.21,60,0,13.47
277,Pangody,RU,2021-07-20 23:08:54,65.85,74.4859,62.28,61,66,15.79
278,Sur,OM,2021-07-20 23:06:30,22.5667,59.5289,90.07,62,72,8.46
279,Matagami,CA,2021-07-20 23:08:55,49.7502,-77.6328,66.69,41,25,8.9
280,Berbera,SO,2021-07-20 23:08:55,10.4396,45.0143,89.47,41,66,28.72
281,Avinurme,EE,2021-07-20 23:08:56,58.9822,26.8642,57.06,97,14,6.13
282,Tibacuy,CO,2021-07-20 23:08:56,4.3511,-72.4564,79.38,75,62,1.83
283,Usogorsk,RU,2021-07-20 23:08:56,63.4106,48.6872,54.1,70,52,4.25
284,Teguldet,RU,2021-07-20 23:08:57,57.3064,88.1667,57.63,83,40,1.61
285,Carutapera,BR,2021-07-20 23:08:57,-1.195,-46.02,75.56,93,4,5.93
286,Ancud,CL,2021-07-20 23:08:58,-41.8697,-73.8203,51.33,94,97,4.12
287,Arthur,US,2021-07-20 23:06:42,39.7148,-88.4723,83.3,69,1,5.01
288,Antsohihy,MG,2021-07-20 23:08:59,-14.8796,47.9875,74.1,58,0,10.13
289,Puerto Narino,CO,2021-07-20 23:08:59,-3.7703,-70.3831,76.78,74,41,1.19
290,Witzenhausen,DE,2021-07-20 23:09:00,51.3333,9.8667,60.42,81,1,0.51
291,Bonavista,CA,2021-07-20 23:09:00,48.6499,-53.1147,60.62,99,100,10.27
292,Prainha,BR,2021-07-20 23:09:01,-1.8,-53.48,79.54,75,86,3.09
293,Hofn,IS,2021-07-20 23:09:01,64.2539,-15.2082,55.53,82,64,5.79
294,Kabare,CD,2021-07-20 23:09:02,-2.4683,28.8242,64.96,66,92,0.81
295,Wana,PK,2021-07-20 23:09:03,32.2989,69.5725,73.27,75,3,1.66
296,Dataganj,IN,2021-07-20 23:09:03,28.0333,79.4,78.08,94,100,4.65
297,Fez,MA,2021-07-20 23:06:18,34.0372,-4.9998,75.45,49,0,5.75
298,Kisangani,CD,2021-07-20 23:09:04,0.5167,25.2,70.68,78,81,2.19
299,Sheregesh,RU,2021-07-20 23:09:04,52.9209,87.9869,56.79,91,99,4.38
300,Sisimiut,GL,2021-07-20 23:06:06,66.9395,-53.6735,45.86,80,96,7.23
301,Coari,BR,2021-07-20 23:09:05,-4.085,-63.1414,80.28,65,65,1.88
302,Gouyave,GD,2021-07-20 23:09:05,12.1646,-61.7296,81.37,78,20,13.8
303,Camocim,BR,2021-07-20 23:09:06,-2.9022,-40.8411,79.65,81,33,15.19
304,Skjervoy,NO,2021-07-20 23:09:06,70.0311,20.9714,46.58,86,100,33.04
305,Lagoa,PT,2021-07-20 23:09:07,39.05,-27.9833,68.13,85,1,17.02
306,Bousso,TD,2021-07-20 23:09:07,10.4795,16.7117,77.52,75,78,4.99
307,Buraydah,SA,2021-07-20 23:09:07,26.326,43.975,90.05,12,88,8.5
308,Yining,CN,2021-07-20 23:06:34,29.0361,114.5636,78.12,92,100,1.54
309,Camabatela,AO,2021-07-20 23:09:08,-8.1881,15.375,60.48,67,0,2.8
310,Neustadt,DE,2021-07-20 23:09:08,49.7117,12.0872,55.58,91,1,0.0
311,Tabuk,PH,2021-07-20 23:09:09,17.4189,121.4443,74.57,94,100,2.21
312,Mamlyutka,KZ,2021-07-20 23:09:09,54.9375,68.5394,60.78,80,14,5.53
313,Baixa Grande,BR,2021-07-20 23:09:10,-11.9597,-40.1681,71.24,73,42,12.3
314,Olinda,BR,2021-07-20 23:09:10,-8.0089,-34.8553,73.13,78,0,8.05
315,Cassilandia,BR,2021-07-20 23:09:11,-19.1133,-51.7342,60.37,16,61,4.25
316,Caravelas,BR,2021-07-20 23:08:43,-17.7125,-39.2481,71.29,68,100,11.27
317,Benguela,AO,2021-07-20 23:04:43,-12.5763,13.4055,69.62,84,76,3.0
318,Aste,IT,2021-07-20 23:09:12,45.7906,11.0961,69.19,68,0,1.77
319,Varhaug,NO,2021-07-20 23:09:12,58.6147,5.6457,55.47,80,58,21.34
320,Iracoubo,GF,2021-07-20 23:09:12,5.4802,-53.2011,77.4,87,53,5.44
321,Puerto Carreno,CO,2021-07-20 23:09:13,6.189,-67.4859,78.57,85,96,0.51
322,Winneba,GH,2021-07-20 23:09:13,5.3511,-0.6231,74.55,86,8,9.75
323,Muros,ES,2021-07-20 23:09:14,42.7762,-9.0603,66.7,88,37,5.68
324,Dibulla,CO,2021-07-20 23:09:14,11.2725,-73.3091,86.05,62,27,16.51
325,Virginia,US,2021-07-20 23:09:15,37.5481,-77.4467,84.96,70,90,6.91
326,Menongue,AO,2021-07-20 23:09:15,-14.6585,17.691,51.6,41,0,3.65
327,Goundam,ML,2021-07-20 23:09:15,16.4145,-3.6708,96.91,32,100,13.47
328,Locri,IT,2021-07-20 23:09:16,38.2414,16.2623,77.99,78,0,10.58
329,Umm Lajj,SA,2021-07-20 23:09:16,25.0213,37.2685,86.43,70,42,6.87
330,Bereda,ES,2021-07-20 23:09:17,43.2686,-7.5406,61.57,97,34,1.16
331,Key West,US,2021-07-20 23:05:24,24.5557,-81.7826,87.01,79,1,5.75
332,Mehran,IR,2021-07-20 23:09:18,33.1222,46.1646,101.53,12,0,7.7
333,Plaster Rock,CA,2021-07-20 23:09:18,46.9065,-67.39,70.32,74,64,4.36
334,Portel,BR,2021-07-20 23:05:43,-1.9356,-50.8211,76.01,89,49,2.73
335,Montebelluna,IT,2021-07-20 23:09:19,45.778,12.0487,75.72,69,75,2.3
336,Malindi,KE,2021-07-20 23:09:20,-3.2175,40.1191,75.96,83,9,18.28
337,Karaton,ID,2021-07-20 23:09:20,-6.3424,106.1045,78.96,94,35,2.06
338,North Myrtle Beach,US,2021-07-20 23:09:21,33.816,-78.68,80.65,93,90,3.44
339,Cayeli,TR,2021-07-20 23:09:21,41.0923,40.7292,77.77,73,6,4.03
340,Qaqortoq,GL,2021-07-20 23:09:22,60.7167,-46.0333,46.9,94,100,12.75
341,Robertsport,LR,2021-07-20 23:09:22,6.7533,-11.3686,78.21,79,100,14.45
342,Yenagoa,NG,2021-07-20 23:09:22,4.9247,6.2642,74.28,86,61,3.83
343,Bambous Virieux,MU,2021-07-20 23:09:23,-20.3428,57.7575,71.22,61,77,20.62
344,Mapiripan,CO,2021-07-20 23:09:23,2.8892,-72.1256,75.06,87,28,2.98
345,Qasigiannguit,GL,2021-07-20 23:09:24,68.8193,-51.1922,52.05,72,85,3.18
346,Mogadishu,SO,2021-07-20 23:09:24,2.0371,45.3438,76.41,86,89,20.8
347,Mallow,IE,2021-07-20 23:09:25,52.1333,-8.6333,66.51,90,17,2.98
348,Shache,CN,2021-07-20 23:09:25,38.4167,77.2406,72.21,51,98,3.83
349,Constitucion,CL,2021-07-20 23:08:24,-35.3333,-72.4167,55.74,82,71,8.08
350,Pedernales,DO,2021-07-20 23:09:26,18.0384,-71.744,86.16,61,22,14.5
351,Makokou,GA,2021-07-20 23:09:26,0.5738,12.8642,74.84,75,98,2.86
352,Beltangadi,IN,2021-07-20 23:09:26,13.9833,75.3,69.6,95,100,8.43
353,Boca Do Acre,BR,2021-07-20 23:09:27,-8.7522,-67.3978,76.3,50,10,1.39
354,Lintgen,LU,2021-07-20 23:09:28,49.7158,6.1336,59.22,84,0,9.22
355,Haripur,PK,2021-07-20 23:09:28,34.0,72.9341,76.75,83,18,5.57
356,Marawi,PH,2021-07-20 23:09:29,7.9986,124.2928,70.65,80,79,4.38
357,Salta,AR,2021-07-20 23:08:54,-24.7859,-65.4117,56.57,48,0,1.99
358,Choya,RU,2021-07-20 23:09:29,52.0108,86.5467,59.92,99,100,4.05
359,Sao Joao Da Barra,BR,2021-07-20 23:06:52,-21.6403,-41.0511,64.6,68,89,10.29
360,Banswara,IN,2021-07-20 23:09:30,23.55,74.45,78.84,85,88,14.23
361,Igrim,RU,2021-07-20 23:09:30,63.1906,64.4162,59.97,89,100,3.15
362,Moussoro,TD,2021-07-20 23:09:31,13.6408,16.4901,88.97,45,80,6.26
363,Nouakchott,MR,2021-07-20 23:07:28,18.0858,-15.9785,78.73,88,11,12.93
364,Tsumeb,NA,2021-07-20 23:09:32,-19.2333,17.7167,58.33,29,0,4.38
365,Melendugno,IT,2021-07-20 23:09:32,40.2747,18.3368,76.66,81,0,11.18
366,Mikkeli,FI,2021-07-20 23:09:33,61.6886,27.2723,53.71,66,0,3.44
367,Ouadda,CF,2021-07-20 23:09:33,8.0777,22.4007,69.1,93,92,2.19
368,Lima,PE,2021-07-20 23:04:51,-12.0432,-77.0282,62.85,77,90,9.22
369,Blagoyevo,RU,2021-07-20 23:09:34,63.3667,47.9167,54.23,72,53,4.74
370,Kilemary,RU,2021-07-20 23:09:34,56.7783,46.8659,59.07,98,5,5.41
371,La Libertad,EC,2021-07-20 23:09:35,-2.2333,-80.9,71.26,83,75,9.22
372,Aktau,KZ,2021-07-20 23:09:35,43.65,51.2,77.58,53,0,9.33
373,Carbonia,IT,2021-07-20 23:09:36,39.1672,8.5222,77.99,57,4,5.1
374,Pokaran,IN,2021-07-20 23:09:36,26.9167,71.9167,81.77,80,36,17.25
375,Namibe,AO,2021-07-20 23:09:37,-15.1961,12.1522,64.02,87,11,1.43
376,Doraha,IN,2021-07-20 23:09:37,30.8167,76.0167,77.16,89,43,5.59
377,Baherden,TM,2021-07-20 23:09:38,38.4362,57.4316,90.28,19,0,8.37
378,Dakar,SN,2021-07-20 23:05:58,14.6937,-17.4441,79.48,83,99,10.16
379,Marystown,CA,2021-07-20 23:09:38,47.1666,-55.1483,62.78,99,100,8.1
380,Soyo,AO,2021-07-20 23:09:39,-6.1349,12.3689,71.17,86,8,8.28
381,Peniche,PT,2021-07-20 23:09:39,39.3558,-9.3811,66.29,86,95,16.44
382,Mankono,CI,2021-07-20 23:09:40,8.0586,-6.1897,73.6,86,95,4.88
383,Ironton,US,2021-07-20 23:09:40,38.5368,-82.6829,86.83,71,1,0.0
384,Tres Passos,BR,2021-07-20 23:09:40,-27.4556,-53.9319,45.45,70,97,1.86
385,Kilindoni,TZ,2021-07-20 23:09:41,-7.9139,39.6668,76.68,79,31,15.26
386,Huntsville,US,2021-07-20 23:08:39,34.7304,-86.5861,79.93,91,20,5.99
387,Zemaiciu Naumiestis,LT,2021-07-20 23:09:41,55.3592,21.7022,60.44,82,5,6.93
388,Bom Jesus,BR,2021-07-20 23:07:37,-9.0744,-44.3586,86.65,30,79,5.19
389,Champa,IN,2021-07-20 23:09:42,22.05,82.65,79.68,79,100,6.26
390,Jutai,BR,2021-07-20 23:09:42,-5.1833,-68.9,77.5,66,24,1.74
391,Kilinochchi,LK,2021-07-20 23:09:43,9.3961,80.3982,81.03,78,65,12.75
392,Talcahuano,CL,2021-07-20 23:09:43,-36.7167,-73.1167,53.28,94,0,5.75
393,Karak,JO,2021-07-20 23:09:44,31.1667,35.75,68.72,42,2,11.05
394,Tazovskiy,RU,2021-07-20 23:09:44,67.4667,78.7,51.73,76,6,9.64
395,Tombouctou,ML,2021-07-20 23:09:45,20.0,-3.0,96.87,23,90,12.75
396,Douentza,ML,2021-07-20 23:09:45,14.9951,-2.9517,93.22,35,5,9.93
397,Terpinnya,UA,2021-07-20 23:09:46,46.9697,35.4197,78.01,58,4,5.48
398,Sault Sainte Marie,CA,2021-07-20 23:04:52,46.5168,-84.3333,71.89,40,1,5.75
399,Grindavik,IS,2021-07-20 23:09:46,63.8424,-22.4338,50.56,100,90,14.97
400,Suez,EG,2021-07-20 23:06:08,29.9737,32.5263,78.53,67,0,10.36
401,Henties Bay,NA,2021-07-20 23:09:47,-22.116,14.2845,54.86,91,0,10.0
402,Algiers,DZ,2021-07-20 23:09:48,36.7525,3.042,71.42,88,0,2.3
403,Awjilah,LY,2021-07-20 23:09:48,29.1081,21.2869,78.12,59,0,12.39
404,Maturin,VE,2021-07-20 23:09:49,9.75,-63.1767,75.61,86,100,6.2
405,Araioses,BR,2021-07-20 23:09:49,-2.89,-41.9031,76.89,92,35,9.37
406,Merzifon,TR,2021-07-20 23:09:50,40.8733,35.4631,72.86,73,0,9.22
407,Krasnoye,UA,2021-07-20 23:09:50,49.9145,24.6134,61.95,94,100,7.34
408,Anderson,US,2021-07-20 23:06:32,34.5334,-82.6499,79.68,65,1,8.05
409,Viterbo,IT,2021-07-20 23:09:51,42.4167,12.0833,72.81,69,1,0.65
410,Ambanja,MG,2021-07-20 23:09:52,-13.6833,48.45,68.5,84,22,3.6
411,Takab,IR,2021-07-20 23:07:15,36.4009,47.1133,72.59,26,5,5.41
412,Gashua,NG,2021-07-20 23:08:12,12.871,11.0482,87.58,48,59,11.61
413,Kaoma,ZM,2021-07-20 23:09:53,-14.7833,24.8,51.98,53,2,3.76
414,San Juan De Los Morros,VE,2021-07-20 23:09:53,9.9115,-67.3538,73.96,83,49,0.63
415,Chota,PE,2021-07-20 23:09:54,-6.55,-78.65,65.1,88,74,5.77
416,Estancia,BR,2021-07-20 23:09:54,-11.2683,-37.4383,71.08,94,6,3.76
417,Puerto Cabezas,NI,2021-07-20 23:09:55,14.0351,-83.3888,80.8,85,100,11.5
418,Beyneu,KZ,2021-07-20 23:09:55,45.3167,55.2,87.98,32,30,6.04
419,Capreol,CA,2021-07-20 23:09:56,46.706,-80.9225,65.91,60,81,5.01
420,Guanay,BO,2021-07-20 23:09:56,-15.4975,-67.8797,67.57,84,87,0.67
421,Simoes,BR,2021-07-20 23:09:57,-7.5989,-40.8178,81.16,37,43,8.57
422,Itamaraca,BR,2021-07-20 23:09:57,-7.7478,-34.8256,74.08,84,62,8.3
423,Leh,IN,2021-07-20 23:09:58,34.1667,77.5833,57.36,65,20,3.94
424,Saint-Georges,GD,2021-07-20 23:08:41,12.0564,-61.7485,82.08,78,20,13.8
425,Zhob,PK,2021-07-20 23:09:59,31.3411,69.4481,74.98,70,0,2.37
426,Porangatu,BR,2021-07-20 23:09:59,-13.4408,-49.1486,79.29,28,8,2.55
427,Puerto El Triunfo,SV,2021-07-20 23:10:00,13.2833,-88.55,95.86,62,49,5.68
428,Tars,TR,2021-07-20 23:10:00,36.9188,34.8784,78.67,67,0,1.54
429,Goure,NE,2021-07-20 23:10:00,13.9835,10.2704,85.01,45,69,13.2
430,Mayor Pablo Lagerenza,PY,2021-07-20 23:10:01,-19.9309,-60.7718,63.75,23,99,5.64
431,Adrar,MR,2021-07-20 23:10:01,20.5022,-10.0711,93.58,8,8,11.92
432,Morant Bay,JM,2021-07-20 23:10:02,17.8815,-76.4093,87.62,78,9,12.15
433,Akdepe,TM,2021-07-20 23:10:04,42.0551,59.3788,87.8,33,26,10.96
434,Embu,BR,2021-07-20 23:06:54,-23.6489,-46.8522,55.11,89,100,5.59
435,Pavelets,RU,2021-07-20 23:10:04,53.7883,39.246,62.49,61,61,4.41
436,Thyboron,DK,2021-07-20 23:10:05,56.6985,8.2124,60.1,79,82,23.55
437,Krasnoselkup,RU,2021-07-20 23:06:11,65.7,82.4667,54.61,66,1,5.64
438,Beaufort,MY,2021-07-20 23:10:06,5.3473,115.7455,74.28,83,100,3.18
439,Muscat,OM,2021-07-20 23:10:06,23.6139,58.5922,98.62,56,81,11.32
440,Corralillo,CU,2021-07-20 23:10:07,22.9819,-80.5856,83.39,77,14,9.46
441,Galbinasi,RO,2021-07-20 23:10:07,45.0833,26.9167,67.84,79,17,5.57
442,Lucapa,AO,2021-07-20 23:10:08,-8.4192,20.7447,67.64,28,0,2.57
443,Semirom,IR,2021-07-20 23:10:08,31.4167,51.5667,67.28,32,43,2.42
444,Filingue,NE,2021-07-20 23:10:09,14.3521,3.3168,92.08,43,10,7.23
445,Nandgaon,IN,2021-07-20 23:10:09,20.3167,74.65,75.27,83,100,17.96
446,Yarmouth,US,2021-07-20 23:10:10,41.7057,-70.2286,82.45,81,20,3.0
447,Lasa,IT,2021-07-20 23:06:21,46.6166,10.7002,64.02,76,1,3.44
448,Ilhabela,BR,2021-07-20 23:09:46,-23.7781,-45.3581,59.85,71,100,2.39
449,Christiana,ZA,2021-07-20 23:10:10,-27.914,25.1611,46.83,40,77,8.39
450,Kannur,IN,2021-07-20 23:10:11,11.8675,75.3576,76.75,89,89,6.13
451,Aksarayskiy,RU,2021-07-20 23:10:11,46.7924,48.0119,82.35,37,41,7.7
452,Mocuba,MZ,2021-07-20 23:10:12,-16.8392,36.9856,62.24,97,0,2.71
453,Nioro,GM,2021-07-20 23:10:12,13.35,-15.75,80.96,84,100,8.52
454,Stephenville,US,2021-07-20 23:10:13,32.2207,-98.2023,89.69,55,40,14.97
455,Kot Isa Khan,IN,2021-07-20 23:10:13,30.95,75.1333,78.73,89,13,6.4
456,Abomsa,ET,2021-07-20 23:10:14,9.9833,39.9833,65.84,93,100,6.53
457,Gorom-Gorom,BF,2021-07-20 23:10:14,14.4439,-0.2361,90.03,48,6,7.36
458,Almeirim,BR,2021-07-20 23:10:15,-1.5233,-52.5817,76.77,83,77,3.24
459,Koslan,RU,2021-07-20 23:10:15,63.4564,48.8989,53.98,69,52,4.41
460,Aasiaat,GL,2021-07-20 23:10:16,68.7098,-52.8699,38.08,92,97,5.99
461,Saint Johnsbury,US,2021-07-20 23:10:16,44.4192,-72.0151,76.44,80,27,1.36
462,La Sarre,CA,2021-07-20 23:10:17,48.8002,-79.1996,65.05,51,9,9.42
463,Karasburg,NA,2021-07-20 23:10:18,-28.0167,18.75,37.8,69,18,10.33
464,Murgab,TM,2021-07-20 23:10:18,37.4966,61.9714,85.75,18,4,8.34
465,Manicore,BR,2021-07-20 23:10:18,-5.8092,-61.3003,81.1,51,19,0.87
466,Prieska,ZA,2021-07-20 23:10:19,-29.6641,22.7474,38.97,71,98,11.7
467,Lucea,JM,2021-07-20 23:10:19,18.451,-78.1736,87.66,78,47,18.23
468,Krasnogvardeyskiy,RU,2021-07-20 23:10:20,57.3793,62.3195,64.71,68,62,8.34
469,George Town,MY,2021-07-20 23:10:20,5.4112,100.3354,80.89,83,20,0.0
470,Oistins,BB,2021-07-20 23:10:21,13.0667,-59.5333,82.49,78,40,19.57
471,Sosnovka,RU,2021-07-20 23:10:21,56.255,51.2842,62.94,99,88,5.84
472,Wyszkow,PL,2021-07-20 23:10:05,52.5928,21.4584,69.19,74,92,5.53
473,Orocue,CO,2021-07-20 23:10:22,4.7912,-71.3354,77.92,79,45,1.95
474,San Carlos De Bariloche,AR,2021-07-20 23:07:18,-41.1456,-71.3082,46.15,66,0,5.75
475,Vega Baja,PR,2021-07-20 23:10:23,18.4444,-66.3877,84.24,88,23,4.0
476,Bogande,BF,2021-07-20 23:10:23,12.9714,-0.1436,85.64,54,17,13.15
477,Totness,SR,2021-07-20 23:10:24,5.8833,-56.3167,78.21,83,48,5.73
478,Eskilstuna,SE,2021-07-20 23:10:24,59.3666,16.5077,60.73,68,10,7.72
479,Aswan,EG,2021-07-20 23:10:25,24.0934,32.907,95.63,15,51,13.82
480,Adwa,ET,2021-07-20 23:10:25,14.1646,38.8955,60.82,91,100,2.35
481,Qostanay,KZ,2021-07-20 23:10:26,53.1667,63.5833,63.66,69,24,5.97
482,Likasi,CD,2021-07-20 23:10:26,-10.9814,26.7333,57.31,49,0,2.62
483,Masloc,RO,2021-07-20 23:10:26,45.9981,21.4497,64.98,93,8,5.21
484,Kumluca,TR,2021-07-20 23:10:27,36.3703,30.2869,80.42,50,0,3.18
485,Mlimba,TZ,2021-07-20 23:10:27,-8.8,35.8167,67.55,54,29,3.51
486,Areka,ET,2021-07-20 23:10:28,7.0667,37.7,59.65,97,100,2.15
487,Guinope,HN,2021-07-20 23:10:28,13.8833,-86.9333,75.29,52,87,9.57
488,Barabinsk,RU,2021-07-20 23:10:29,55.3571,78.357,58.08,83,9,5.66
489,Buenos Aires,AR,2021-07-20 23:06:06,-34.6132,-58.3772,53.78,58,0,3.44
490,Mosquera,CO,2021-07-20 23:09:00,4.7059,-74.2302,55.6,77,22,2.98
491,Antropovo,RU,2021-07-20 23:10:30,58.3988,43.0066,53.98,76,22,4.23
492,Mmabatho,ZA,2021-07-20 23:10:30,-25.85,25.6333,44.94,41,1,7.85
493,Tonj,SS,2021-07-20 23:10:31,7.2737,28.6822,70.29,90,64,4.79
494,Kenitra,MA,2021-07-20 23:06:21,34.261,-6.5802,68.85,87,0,5.37
495,Sept-Iles,CA,2021-07-20 23:08:31,50.2001,-66.3821,65.25,78,32,8.01
496,Leninsk,RU,2021-07-20 23:10:32,48.7119,45.1994,84.06,46,85,6.91
497,Sumbe,AO,2021-07-20 23:10:32,-11.2061,13.8437,69.21,88,6,7.63
498,Lowicz,PL,2021-07-20 23:10:33,52.1071,19.9453,65.41,71,100,8.05
499,Camacha,PT,2021-07-20 23:10:33,33.0833,-16.3333,68.76,83,40,11.5
500,Shenkursk,RU,2021-07-20 23:10:34,62.1091,42.896,55.09,78,68,5.37
501,Surt,LY,2021-07-20 23:10:34,31.2089,16.5887,78.24,71,0,7.07
502,Polican,AL,2021-07-20 23:10:34,40.6122,20.0981,67.71,80,0,1.54
503,Takoradi,GH,2021-07-20 23:10:35,4.8845,-1.7554,75.04,83,9,7.92
504,Tunduma,TZ,2021-07-20 23:09:13,-9.3,32.7667,50.11,79,1,6.51
505,Axim,GH,2021-07-20 23:10:36,4.8699,-2.2405,75.38,81,1,8.03
506,Manoel Urbano,BR,2021-07-20 23:10:37,-8.8389,-69.2597,75.38,56,8,0.83
507,Santa Cruz Del Norte,CU,2021-07-20 23:10:37,23.1539,-81.9236,90.21,78,25,11.83
508,Jurm,AF,2021-07-20 23:10:37,36.8648,70.8342,69.15,37,100,0.83
509,Calvinia,ZA,2021-07-20 23:10:38,-31.4707,19.776,34.7,96,14,5.23
510,Troisvierges,LU,2021-07-20 23:10:38,50.1211,6.0003,59.59,91,0,4.34
511,Aleksandrovka,UA,2021-07-20 23:10:39,46.8383,32.7612,77.14,100,33,7.43
512,Bacalar,MX,2021-07-20 23:10:39,18.6667,-88.3833,84.31,79,40,8.05
513,Ambilobe,MG,2021-07-20 23:10:40,-13.2,49.05,68.61,75,0,5.35
514,Liverpool,GB,2021-07-20 23:10:36,53.4106,-2.9779,68.68,80,0,0.0
515,Taltal,CL,2021-07-20 23:10:20,-25.4,-70.4833,58.59,73,18,2.75
516,Geraldton,AU,2021-07-20 23:10:25,-28.7667,114.6,64.81,77,75,19.57
517,Grajau,BR,2021-07-20 23:10:41,-5.8194,-46.1386,83.52,48,40,6.4
518,Karpathos,GR,2021-07-20 23:10:41,35.507,27.2132,77.16,82,0,9.37
519,Chateaubelair,VC,2021-07-20 23:10:42,13.2833,-61.25,81.21,82,90,15.82
520,Say,NE,2021-07-20 23:10:42,13.1007,2.3689,86.56,56,58,13.73
521,Santa Rosa,PH,2021-07-20 23:07:42,14.3122,121.1114,80.11,91,100,10.87
522,Huallanca,PE,2021-07-20 23:10:43,-9.8993,-76.9417,49.21,73,73,4.83
523,Rurrenabaque,BO,2021-07-20 23:10:44,-14.4413,-67.5278,67.48,61,55,2.24
524,Rio Gallegos,AR,2021-07-20 23:10:44,-51.6226,-69.2181,32.05,93,0,8.05
525,Sosnovo,RU,2021-07-20 23:10:45,60.5514,30.2144,55.42,97,51,4.5
526,Kashan,IR,2021-07-20 23:10:45,33.9831,51.4364,87.78,17,1,3.94
527,Shakawe,BW,2021-07-20 23:10:45,-18.3667,21.85,52.11,35,0,5.17
528,Verkhneye Kazanishche,RU,2021-07-20 23:10:46,42.7355,47.1378,63.46,64,32,7.29
529,Gunjur,GM,2021-07-20 23:10:46,13.2019,-16.7339,82.47,89,40,6.91
530,Betsiamites,CA,2021-07-20 23:10:47,48.9413,-68.646,61.59,85,65,2.15
531,Uige,AO,2021-07-20 23:10:47,-7.6087,15.0613,64.0,67,1,3.02
532,Senanga,ZM,2021-07-20 23:10:48,-16.1167,23.2667,54.7,44,4,5.7
533,Choma,ZM,2021-07-20 23:10:48,-16.8065,26.9531,52.84,58,1,3.49
534,Oriximina,BR,2021-07-20 23:10:48,-1.7656,-55.8661,81.61,66,74,3.11
535,Mitsamiouli,KM,2021-07-20 23:10:49,-11.3847,43.2844,77.0,76,1,5.37
536,Maldonado,UY,2021-07-20 23:07:01,-34.6667,-54.9167,54.23,73,9,11.95
537,Samandag,TR,2021-07-20 23:10:50,36.0842,35.9771,82.92,82,43,9.46
538,Kolyvan,RU,2021-07-20 23:10:50,55.3053,82.7391,54.05,90,0,4.03
539,Kostomuksha,RU,2021-07-20 23:09:07,64.571,30.5767,42.78,89,46,6.8
540,San Vicente De Canete,PE,2021-07-20 23:10:51,-13.0751,-76.3835,63.3,81,39,2.98
541,Musoma,TZ,2021-07-20 23:10:51,-1.5,33.8,68.47,63,18,7.0
542,Hammerfest,NO,2021-07-20 23:10:52,70.6634,23.6821,45.05,87,75,13.8
543,Chake Chake,TZ,2021-07-20 23:10:52,-5.2459,39.7666,74.75,82,5,11.3
544,Alappuzha,IN,2021-07-20 23:10:53,9.49,76.3264,77.81,84,35,9.71
545,Umuahia,NG,2021-07-20 23:10:53,5.5263,7.4896,72.77,91,96,5.35
546,Raposa,BR,2021-07-20 23:10:54,-6.5167,-44.1833,77.07,39,11,1.14
547,Vestmannaeyjar,IS,2021-07-20 23:10:54,63.4427,-20.2734,52.83,91,73,11.99
548,Puertollano,ES,2021-07-20 23:10:54,38.6871,-4.1073,78.15,19,23,4.0
549,Aurangabad,IN,2021-07-20 23:10:55,19.8833,75.3333,73.47,87,100,12.77
550,Parabel,RU,2021-07-20 23:10:55,58.6978,81.4825,57.07,94,65,5.77
551,Fier,AL,2021-07-20 23:10:56,40.7239,19.5561,72.25,82,0,3.2
552,Bonga,ET,2021-07-20 23:10:56,7.2833,36.2333,59.5,100,98,1.45
553,Kashi,CN,2021-07-20 23:10:56,39.4547,75.9797,70.11,56,100,2.13
554,Banes,CU,2021-07-20 23:06:07,20.9625,-75.7186,84.81,77,26,11.34
555,Touba,CI,2021-07-20 23:10:57,8.2833,-7.6833,69.31,96,46,3.33
556,Dano,BF,2021-07-20 23:10:57,11.15,-3.0667,77.49,69,39,8.05
557,Bonthe,SL,2021-07-20 23:10:21,7.5264,-12.505,77.11,85,100,10.45
558,Luwingu,ZM,2021-07-20 23:10:58,-10.2621,29.9271,54.03,57,0,2.68
559,Visavadar,IN,2021-07-20 23:10:58,21.3833,70.6833,80.22,84,100,18.03
560,Livramento,BR,2021-07-20 23:10:59,-3.0254,-60.1803,83.08,78,20,4.61
561,Bam,IR,2021-07-20 23:10:59,29.106,58.357,83.86,13,3,9.44
562,Slavonice,CZ,2021-07-20 23:11:00,48.9975,15.3515,55.45,88,13,3.44
563,Erzincan,TR,2021-07-20 23:11:00,39.75,39.5,69.1,49,0,2.3
